,name,studio,yearReleased,rating
0,100-man no Inochi no Ue ni Ore wa Tatteiru 2nd Season, Maho Film, 2021,7.12
1,180 Byou de Kimi no Mimi wo Shiawase ni Dekiru ka?," EKACHI EPILKA, Indivision", 2021,6.17
2,2.43: Seiin Koukou Danshi Volley-bu, David Production, 2021,0.0
3,4-nin wa Sorezore Uso wo Tsuku, Studio Flad, 2022,6.77
4,5-toubun no Hanayome ∬, Bibury Animation Studios, 2021,0.0
5,86, A-1 Pictures, 2021,0.0
6,86 2nd Season, A-1 Pictures, 2021,0.0
7,A3! Season Autumn & Winter," P.A. Works, Studio 3Hz", 2020,7.01
8,Adachi to Shimamura, Tezuka Productions, 2020,7.42
9,Aharen-san wa Hakarenai, Felix Film, 2022,0.0
10,Akebi-chan no Sailor-fuku, CloverWorks, 2022,0.0
11,Akiba Maid Sensou, P.A. Works, 2022,0.0
12,Akudama Drive, Studio Pierrot, 2020,7.75
13,Akuyaku Reijou nanode Last Boss wo Kattemimashita, Maho Film, 2022,7.45
14,Ao Ashi, Production I.G, 2022,0.0
15,Arifureta Shokugyou de Sekai Saikyou 2nd Season," asread., studio MOTHER", 2022,7.19
16,Arknights: Reimei Zensou, Yostar Pictures, 2022,7.93
17,Ars no Kyojuu, Asahi Production, 2023,0.0
18,Aru Asa Dummy Head Mic ni Natteita Ore-kun no Jinsei," EKACHI EPILKA, Indivision", 2022,0.0
19,Assault Lily: Bouquet, Shaft, 2020,6.22
20,Attack on Titan Final Season, MAPPA, 2020,9.06
21,Ayakashi Triangle, Connect, 2023,0.0
22,Azur Lane: Bisoku Zenshin!," CANDY BOX, Yostar Pictures", 2021,0.0
23,Back Arrow, Studio VOLN, 2021,0.0
24,Bakuten!!, Zexcs, 2021,0.0
25,BanG Dream! Morfonication, SANZIGEN, 2022,0.0
26,Baraou no Souretsu, J.C.Staff, 2022,0.0
27,Battle Athletess Daiundoukai ReSTART!, Seven, 2021,0.0
28,Bear Bear Bear Kuma!, EMT Squared, 2020,6.33
29,Beastars 2nd Season, Orange, 2021,0.0
30,"Benriya Saitou-san, Isekai ni Iku", C2C, 2023,0.0
31,2022,2022,2022,2022
32,Birdie Wing: Golf Girls’ Story, Bandai Namco Pictures, 2022,6.46
33,Bishounen Tanteidan, Shaft, 2021,0.0
34,Black Clover, Studio Pierrot, 2017,7.29
35,Black★★Rock Shooter: Dawn Fall," Bibury Animation CG, Bibury Animation Studios", 2022,0.0
36,Bleach: Sennen Kessen-hen, Pierrot, 2022,0.0
37,Blue Period, Seven Arcs, 2021,7.85
38,Blue Reflection Ray, J.C.Staff, 2021,0.0
39,BLUELOCK, 8bit, 2022,0.0
40,Bocchi the Rock!, CloverWorks, 2022,0.0
41,Boku no Hero Academia 5th Season, Bones, 2021,0.0
42,Boku no Hero Academia 6th Season, Bones, 2022,8.29
43,Bokutachi no Remake, feel., 2021,0.0
45,Boruto: Naruto Next Generations, Studio Pierrot, 2017,5.93
46,Bucchigire!, Geno Studio, 2022,0.0
47,Buddy Daddies, P.A. Works, 2023,0.0
48,Build Divide: Code Black, LIDENFILMS, 2021,0.0
49,Build Divide: Code White, LIDENFILMS, 2022,0.0
50,Bungou Stray Dogs, Bones, 2016,7.79
51,Bungou Stray Dogs 4th Season, Bones, 2023,0.0
53,Cardfight!! Vanguard: overDress, Kinema Citrus, 2021,0.0
54,Cardfight!! Vanguard: overDress Season 2," GIFTanimation, Kinema Citrus, Studio Jemi", 2021,0.0
55,Cardfight!! Vanguard: will+Dress," GIFTanimation, Kinema Citrus, Studio Jemi", 2022,0.0
56,Cardfight!! Vanguard: will+Dress Season 2," GIFTanimation, Kinema Citrus, Studio Jemi", 2023,0.0
57,Cestvs: The Roman Fighter, Bandai Namco Pictures, 2021,0.0
58,Chainsaw Man, MAPPA, 2022,0.0
59,Cheat Kusushi no Slow Life: Isekai ni Tsukurou Drugstore, EMT Squared, 2021,6.31
60,Cool Doji Danshi, Pierrot, 2022,0.0
61,Cue!," Graphinica, Yumeta Company", 2022,0.0
62,D_Cide Traumerei the Animation, SANZIGEN, 2021,0.0
63,D4DJ All Mix, SANZIGEN, 2023,7.29
64,Date A Live IV, GEEK TOYS, 2022,0.0
65,Deaimon, Encourage Films, 2022,0.0
66,Deatte 5-byou de Battle," SynergySP, Vega Entertainment", 2021,7.16
67,Deep Insanity: The Lost Child, SILVER LINK., 2021,5.45
68,Deji Meets Girl, LIDENFILMS, 2021,0.0
69,Detective Conan, TMS Entertainment, 1996,8.17
70,Digimon Adventure: (2020), Toei Animation, 2000,7.25
71,Digimon Ghost Game, Toei Animation, 2021,0.0
72,Do It Yourself!!, Pine Jam, 2022,0.0
73,Dogeza de Tanondemita, DMM pictures, 2020,5.2
74,Dogeza de Tanondemita: Isekai-hen, DMM pictures, 2021,0.0
76,Dolls’ Frontline, Asahi Production, 2022,0.0
77,Dragon Quest: Dai no Daibouken (2020), Toei Animation, 2020,7.2
79,Dungeon ni Deai wo Motomeru no wa Machigatteiru Darou ka IV: Fuka Shou – Yakusai-hen, J.C.Staff, 2023,0.0
80,Dungeon ni Deai wo Motomeru no wa Machigatteiru Darou ka IV: Shin Shou – Meikyuu-hen, J.C.Staff, 2022,0.0
81,Edens Zero, J.C.Staff, 2021,0.0
82,"Eiyuuou, Bu wo Kiwameru Tame Tenseisu: Soshite, Sekai Saikyou no Minarai Kishi", Studio Comet, 2023,0.0
83,Enen no Shouboutai: Ni no Shou, David Production, 2020,7.76
84,Engage Kiss, A-1 Pictures, 2022,0.0
85,Ensemble Stars!!: Road to Show!!, David Production, 2022,6.89
86,Eternal Boys, LIDENFILMS, 2022,0.0
87,Ex-Arm, Visual Flight, 2021,0.0
88,Exception," 5 Inc., Bakken Record", 2022,0.0
89,Extreme Hearts, Seven Arcs, 2022,0.0
90,Fairy Ranmaru: Anata no Kokoro Otasuke Shimasu, Studio Comet, 2021,0.0
91,Fairy Ranmaru: Anata no Kokoro Otasuke Shimasu, Studio Comet, 2021,5.32
92,Fantasy Bishoujo Juniku Ojisan to, OLM Team Yoshioka, 2022,0.0
93,Fruits Basket: The Final, TMS Entertainment, 2021,0.0
94,Fumetsu no Anata e, Brain's Base, 2021,0.0
95,Fumetsu no Anata e 2nd Season, Drive, 2022,8.18
96,Futoku no Guild, TNK, 2022,0.0
97,Futoku no Guild (Uncensored), TNK, 2022,6.34
98,Futsal Boys!!!!!, Diomedéa, 2022,0.0
99,"Fuufu Ijou, Koibito Miman.", studio MOTHER, 2022,0.0
100,Fuuto Tantei, Studio Kai, 2022,0.0
101,"Gaikotsu Kishi-sama, Tadaima Isekai e Odekakechuu"," HORNETS, Studio Kai", 2022,0.0
102,Gekidol, Hoods Entertainment, 2021,5.73
103,Genjitsu Shugi Yuusha no Oukoku Saikenki, J.C.Staff, 2021,0.0
104,Genjitsu Shugi Yuusha no Oukoku Saikenki 2nd Season, J.C.Staff, 2022,0.0
105,Gensou Sangokushi: Tengen Reishinki, GEEK TOYS, 2022,0.0
106,Getter Robo Arc," Bee Media, Studio A-CAT", 2021,6.25
107,Given: Uragawa no Sonzai, Lerche, 2021,8.36
108,Gochuumon wa Usagi Desu ka? Bloom, Encourage Films, 2020,7.91
109,Godzilla Singular Point," Bones, Orange", 2021,0.0
110,Gokushufudou, J.C.Staff, 2021,0.0
111,Golden Kamuy 3rd Season, Geno Studio, 2020,8.3
112,Golden Kamuy 4th Season, Brain's Base, 2022,8.21
113,Gundam Breaker: Battlogue, Sunrise, 2021,0.0
114,Gunjou no Fanfare, Lay-duce, 2022,0.0
115,Guraburu!," DMM.futureworks, W-Toon Studio", 2020,5.54
116,Gyakuten Sekai no Denchi Shoujo, Lerche, 2021,6.35
117,Haikyuu!!: To the Top 2nd Season, Production I.G, 2020,8.56
118,Hakozume: Kouban Joshi no Gyakushuu, Madhouse, 2022,6.81
119,Hanyou no Yashahime: Sengoku Otogizoushi, Sunrise, 2020,7.46
120,Hanyou no Yashahime: Sengoku Otogizoushi – Ni no Shou, Sunrise, 2021,0.0
121,Harem Camp!, Studio Hokiboshi, 2022,6.52
122,Hataraku Maou-sama!!, Studio 3Hz, 2022,0.0
123,Hataraku Saibou (TV), David Production, 2018,7.66
124,Healer Girl, Studio 3Hz, 2022,0.0
125,Heion Sedai no Idaten-tachi, MAPPA, 2021,7.5
126,Heroine Tarumono! Kiraware Heroine to Naisho no Oshigoto, Lay-duce, 2022,0.0
127,Hetalia World★Stars, Studio Deen, 2021,0.0
128,Hige wo Soru. Soshite Joshikousei wo Hirou., Project No.9, 2021,0.0
129,High Card, Studio Hibari, 2022,0.0
130,Higurashi no Naku Koro ni Gou, Passione, 2020,7.38
131,Higurashi no Naku Koro ni Sotsu, Passione, 2021,0.0
132,Hikari no Ou, Signal.MD, 2023,0.0
133,Honzuki no Gekokujou: Shisho ni Naru Tame ni wa Shudan wo Erandeiraremasen 3rd Season, Ajia-Do, 2022,8.0
134,Horimiya, CloverWorks, 2021,8.62
135,Hortensia Saga (TV), LIDENFILMS, 2021,0.0
136,Hoshi no Samidare, NAZ, 2022,0.0
137,Hyouken no Majutsushi ga Sekai wo Suberu, Cloud Hearts, 2023,0.0
138,Hypnosis Mic: Division Rap Battle – Rhyme Anima, A-1 Pictures, 2020,6.26
139,I★Chu: Halfway Through the Idol, Lay-duce, 2021,0.0
140,IDOLiSH7: Second Beat!, TROYCA, 2020,7.75
141,IDOLiSH7: Third Beat! Part 2, TROYCA, 2022,7.52
142,Idoly Pride, Lerche, 2021,0.0
143,"Ijiranaide, Nagatoro-san", Telecom Animation Film, 2021,0.0
144,"Ijiranaide, Nagatoro-san 2nd Attack", OLM, 2023,0.0
145,Ikebukuro West Gate Park, Doga Kobo, 2020,6.61
146,Inu ni Nattara Suki na Hito ni Hirowareta., Quad, 2023,5.67
147,Inu ni Nattara Suki na Hito ni Hirowareta. (Uncensored), Quad, 2023,5.67
148,Isekai Cheat Magician: Yoiboshi no Matsuri to Majutsushi, Encourage Films, 2021,0.0
149,Isekai Maou to Shoukan Shoujo no Dorei Majutsu Ω," Okuruto Noboru, Tezuka Productions", 2021,0.0
150,Isekai Meikyuu de Harem wo, Passione, 2022,0.0
151,Isekai Meikyuu de Harem wo (Uncensored), Passione, 2022,7.29
152,Isekai Nonbiri Nouka, Zero-G, 2023,0.0
153,Isekai Ojisan, AtelierPontdarc, 2022,0.0
155,Isekai Yakkyoku, Diomedéa, 2022,7.65
156,Itai no wa Iya nano de Bougyoryoku ni Kyokufuri Shitai to Omoimasu. 2, SILVER LINK., 2022,7.48
157,Iwa Kakeru!: Sport Climbing Girls, Blade, 2020,6.23
158,Jaku-Chara Tomozaki-kun, Project No.9, 2021,0.0
159,2022,2022,2022,2022
160,Jintai no Survival!," Gallop, Toei Animation", 2020,0.0
161,Jouran: The Princess of Snow and Blood, Bakken Record, 2021,6.77
162,Jujutsu Kaisen (TV), MAPPA, 2020,8.28
163,K-On!: Live House!, Kyoto Animation, 2010,7.83
164,Kage no Jitsuryokusha ni Naritakute!, Nexus, 2022,0.0
165,Kageki Shoujo!!, Pine Jam, 2021,0.0
166,Kaginado, LIDENFILMS Kyoto Studio, 2021,0.0
167,Kaguya-sama wa Kokurasetai: Ultra Romantic, A-1 Pictures, 2022,8.57
168,Kai Byoui Ramune, Platinum Vision, 2021,0.0
169,Kaifuku Jutsushi no Yarinaoshi, TNK, 2021,6.88
170,Kaifuku Jutsushi no Yarinaoshi (Uncensored), TNK, 2021,6.32
171,Kaijin Kaihatsu-bu no Kuroitsu-san, Quad, 2022,0.0
172,Kaiko sareta Ankoku Heishi (30-dai) no Slow na Second Life, Encourage Films, 2023,0.0
173,Kaizoku Oujo, Production I.G, 2021,7.6
174,Kakegurui Twin, MAPPA, 2022,0.0
175,Kami Kuzu☆Idol, Studio Gokumi, 2022,0.0
176,Kami-tachi ni Hirowareta Otoko, Maho Film, 2020,6.84
177,Kami-tachi ni Hirowareta Otoko 2, Maho Film, 2023,0.0
178,Kamisama ni Natta Hi, P.A. Works, 2020,7.53
179,Kanojo mo Kanojo, Tezuka Productions, 2021,0.0
180,"Kanojo, Okarishimasu 2nd Season", TMS Entertainment, 2022,0.0
181,Karakai Jouzu no Takagi-san 3, Shin-Ei Animation, 2022,0.0
182,Kawaii dake ja Nai Shikimori-san, Doga Kobo, 2022,0.0
183,Kemono Jihen, Ajia-Do, 2021,0.0
184,Kenja no Deshi wo Nanoru Kenja, Studio A-CAT, 2022,0.0
185,Kenja no Deshi wo Nanoru Kenja, Studio A-CAT, 2022,5.62
186,Kimetsu no Yaiba: Yuukaku-hen, ufotable, 2021,8.68
188,King's Raid: Ishi wo Tsugumono-tachi," OLM, Sunrise Beyond", 2020,5.71
189,2022,2022,2022,2022
190,Kinsou no Vermeil: Gakeppuchi Majutsushi wa Saikyou no Yakusai to Mahou Sekai wo Tsukisusumu, Staple Entertainment, 2022,0.0
191,Kobayashi-san Chi no Maid Dragon S, Kyoto Animation, 2021,0.0
192,Koi to Yobu ni wa Kimochi Warui, Nomad, 2021,0.0
193,Koi wa Sekai Seifuku no Ato de, Project No.9, 2022,0.0
194,Kokyu no Karasu, Bandai Namco Pictures, 2022,0.0
195,"Komi-san wa, Comyushou desu.", OLM, 2021,0.0
197,Koori Zokusei Danshi to Cool na Douryou Joshi," Liber, Zero-G", 2023,0.0
198,Koroshi Ai, Platinum Vision, 2022,0.0
199,Koukaku Kidoutai: SAC_2045 – Jizoku Kanou Sensou," Production I.G, Sola Digital Arts", 2021,0.0
200,Kubo-san wa Mob wo Yurusanai, Pine Jam, 2023,0.0
202,Kumichou Musume to Sewagakari," feel., Gaina", 2022,0.0
204,Kunoichi Tsubaki no Mune no Uchi, CloverWorks, 2022,0.0
205,Kuro no Shoukanshi, Satelight, 2022,0.0
206,Kyokou Suiri Season 2, Brain's Base, 2023,0.0
207,Kyoukai Senki, Sunrise Beyond, 2021,6.63
208,Kyoukai Senki Part 2, Sunrise Beyond, 2022,6.58
209,Kyuuketsuki Sugu Shinu, Madhouse, 2021,0.0
210,Kyuuketsuki Sugu Shinu, Madhouse, 2021,0.0
211,Kyuuketsuki Sugu Shinu 2, Madhouse, 2023,0.0
212,Kyuukyoku Shinka shita Full Dive RPG ga Genjitsu yori mo Kusoge Dattara, ENGI, 2021,0.0
213,Leadale no Daichi nite, Maho Film, 2022,6.89
214,Log Horizon: Entaku Houkai, Studio Deen, 2021,7.57
215,Love All Play," Nippon Animation, OLM", 2022,0.0
216,Love Live! Nijigasaki Gakuen School Idol Doukoukai, Sunrise, 2020,7.93
217,2022,2022,2022,2022
218,Love Live! Superstar!!, Sunrise Beyond, 2021,0.0
219,Love Live! Superstar!! 2nd Season, Sunrise, 2022,0.0
220,Lupin III: Part 6, TMS Entertainment, 2021,0.0
221,Lycoris Recoil, A-1 Pictures, 2022,0.0
222,Machikado Mazoku: 2-choume, J.C.Staff, 2022,0.0
223,2022,2022,2022,2022
224,Maesetsu!," AXsiZ, Studio Gokumi", 2020,5.38
225,Magatsu Wahrheit: Zuerst, Yokohama Animation Lab, 2020,6.34
226,Magia Record: Mahou Shoujo Madoka☆Magica Gaiden (TV) 2nd Season, Shaft, 2021,7.74
227,Mahouka Koukou no Rettousei: Raihousha-hen, 8bit, 2020,7.76
228,Mahouka Koukou no Yuutousei, Connect, 2021,0.0
229,Mahoutsukai no Yome: Nishi no Shounen to Seiran no Kishi, Studio Kafka, 2021,7.82
230,Mahoutsukai Reimeiki, Tezuka Productions, 2022,0.0
231,Mairimashita! Iruma-kun 2nd Season, Bandai Namco Pictures, 2021,7.88
232,Mairimashita! Iruma-kun 3rd Season, Bandai Namco Pictures, 2022,0.0
233,Majo no Tabitabi, C2C, 2020,7.59
234,Major 2nd (TV) 2nd Season, OLM, 2020,7.69
235,Majutsushi Orphen Hagure Tabi: Kimluck-hen, Studio Deen, 2021,0.0
236,Mamahaha no Tsurego ga Motokano datta, Project No.9, 2022,0.0
237,Maou Gakuin no Futekigousha II, SILVER LINK., 2023,0.0
238,Maoujou de Oyasumi, Doga Kobo, 2020,7.61
240,Mars Red, Signal.MD, 2021,0.0
241,Mashiro no Oto, Shin-Ei Animation, 2021,0.0
242,Mazica Party, OLM, 2021,0.0
243,Megami-ryou no Ryoubo-kun., asread., 2021,6.96
244,Megami-ryou no Ryoubo-kun., asread., 2021,0.0
245,Megaton-kyuu Musashi, OLM, 2021,0.0
246,Megaton-kyuu Musashi 2nd Season, OLM, 2022,0.0
247,Meikyuu Black Company, SILVER LINK., 2021,0.0
248,Meitantei Conan: Haibara Ai Monogatari ~Kurogane no Mystery Train~, TMS Entertainment, 2023,0.0
249,Meitantei Conan: Hannin no Hanzawa-san, TMS Entertainment, 2022,0.0
251,Mieruko-chan, Passione, 2021,0.0
252,Mini Dragon, Kyoto Animation, 2021,0.0
253,Mob Psycho 100 III, Bones, 2022,0.0
254,Mononogatari, Bandai Namco Pictures, 2023,0.0
255,Mou Ippon!, Bakken Record, 2023,0.0
256,Munou na Nana, Bridge, 2020,7.35
257,Musashino!, A-Real, 2022,0.0
258,Mushikaburi-hime, Madhouse, 2022,0.0
260,Mushoku Tensei: Isekai Ittara Honki Dasu 2nd Cour, Studio Bind, 2021,0.0
261,Muteking the Dancing Hero," Tatsunoko Production, Tezuka Productions", 2021,0.0
262,Muv-Luv Alternative," FLAGSHIP LINE, Graphinica, Yumeta Company", 2021,0.0
263,Muv-Luv Alternative 2nd Season," FLAGSHIP LINE, Graphinica, Yumeta Company", 2022,0.0
264,Nanatsu no Taizai: Fundo no Shinpan, Studio Deen, 2021,7.35
265,NieR:Automata Ver1.1a, A-1 Pictures, 2023,0.0
266,Night Head 2041, Shirogumi, 2021,0.0
267,Nijiyon Animation, Sunrise, 2023,0.0
268,Ningen Fushin no Boukensha-tachi ga Sekai wo Sukuu you desu, GEEK TOYS, 2023,0.0
269,Noblesse, Production I.G, 2020,6.59
270,Nokemono-tachi no Yoru, Ashi Productions, 2023,0.0
271,Nomad: Megalo Box 2, TMS Entertainment, 2021,0.0
272,Non Non Biyori Nonstop, SILVER LINK., 2021,0.0
273,Noumin Kanren no Skill bakka Agetetara Nazeka Tsuyoku Natta., Studio A-CAT, 2022,0.0
274,Obey Me!, Colored Pencil Animation, 2021,7.28
275,Obey Me! Season 2, Colored Pencil Animation Japan, 2022,6.67
276,Ochikobore Fruit Tart, feel., 2020,6.54
277,Odd Taxi," OLM, P.I.C.S.", 2021,0.0
278,One Piece, Toei Animation, 1999,8.49
279,One Piece Film: Red, Toei Animation, 2022,0.0
280,One Room Third Season, Zero-G, 2020,6.38
281,Oniichan wa Oshimai!, Studio Bind, 2023,0.0
282,Oniichan wa Oshimai! (Uncensored), Studio Bind, 2023,7.2
283,Ooyukiumi no Kaina, Polygon Pictures, 2023,0.0
284,Ore dake Haireru Kakushi Dungeon, Okuruto Noboru, 2021,0.0
285,Orient, A.C.G.T., 2022,6.36
286,Orient: Awajishima Gekitou-hen, A.C.G.T., 2022,7.05
287,Otome Game no Hametsu Flag shika Nai Akuyaku Reijou ni Tensei shiteshimatta… X, SILVER LINK., 2021,0.0
288,Otome Game Sekai wa Mob ni Kibishii Sekai desu, ENGI, 2022,0.0
289,Otona no Bouguya-san 2nd Season, IMAGICA Lab., 2021,5.47
290,Otonari no Tenshi-sama ni Itsunomanika Dame Ningen ni Sareteita Ken, Project No.9, 2023,0.0
291,Overlord IV, Madhouse, 2022,0.0
292,Paripi Koumei, P.A. Works, 2022,0.0
293,Peach Boy Riverside, Asahi Production, 2021,0.0
294,Peter Grill to Kenja no Jikan: Super Extra," Seven, Wolfsbane", 2022,0.0
295,Peter Grill to Kenja no Jikan: Super Extra (Uncensored)," Seven, Wolfsbane", 2022,6.54
296,Platinum End, Signal.MD, 2021,0.0
297,Pokemon (2019), OLM, 2019,7.34
298,Pokemon: Mezase Pokemon Master, OLM, 2023,7.79
299,Prima Doll, Bibury Animation Studios, 2022,0.0
300,Princess Connect! Re:Dive Season 2, CygamesPictures, 2022,0.0
301,Project Scard: Praeter no Kizu, GoHands, 2021,0.0
302,Puraore! Pride of Orange, C2C, 2021,0.0
303,Quanzhi Gaoshou 2, Colored-Pencil Animation Design, 2020,8.22
304,Rail Romanesque, Saetta, 2020,4.84
305,Re-Main, MAPPA, 2021,0.0
306,Re:Zero kara Hajimeru Isekai Seikatsu 2nd Season, White Fox, 2020,8.55
307,Re:Zero kara Hajimeru Isekai Seikatsu 2nd Season, White Fox, 2020,8.53
308,Re:Zero kara Hajimeru Isekai Seikatsu 2nd Season Part 2, White Fox, 2021,8.63
309,Redo of Healer (Uncensored), TNK, 2021,6.32
310,Renai Flops, Passione, 2022,0.0
311,Renmei Kuugun Koukuu Mahou Ongakutai Luminous Witches, Shaft, 2022,0.0
312,Revenger, Ajia-Do, 2023,0.0
313,Rougo ni Sonaete Isekai de 8-manmai no Kinka wo Tamemasu, Felix Film, 2023,0.0
314,RPG Fudousan, Doga Kobo, 2022,0.0
315,RWBY: Hyousetsu Teikoku, Shaft, 2022,7.38
316,Ryman’s Club, LIDENFILMS, 2022,7.49
317,Ryuu to Sobakasu no Hime, Studio Chizu, 2021,7.31
318,Sabiiro no Armor: Reimei, Kigumi, 2022,0.0
319,Sabikui Bisco, OZ, 2022,0.0
320,Saihate no Paladin, Children's Playground Entertainment, 2021,0.0
321,Saikin Yatotta Maid ga Ayashii," Blade, SILVER LINK.", 2022,6.81
322,Saikyou Onmyouji no Isekai Tenseiki, Studio Blanc, 2023,0.0
323,Saiyuuki Reload: Zeroin, LIDENFILMS, 2022,6.17
324,Sakugan, Satelight, 2021,0.0
325,Sankaku Mado no Sotogawa wa Yoru, Zero-G, 2021,0.0
326,Sasaki to Miyano, Studio Deen, 2022,0.0
327,Sasaki to Miyano: Koi ni Kizuku Mae no Chotto Shita Hanashi., Studio Deen, 2022,0.0
328,Sayonara Watashi no Cramer, LIDENFILMS, 2021,0.0
329,Scarlet Nexus, Sunrise, 2021,6.69
330,Seijo no Maryoku wa Bannou Desu, Diomedéa, 2021,0.0
331,Seiken Densetsu: Legend of Mana – The Teardrop Crystal," Graphinica, Yokohama Animation Lab", 2022,0.0
332,Seirei Gensouki, TMS Entertainment, 2021,0.0
333,"Sekai Saikou no Ansatsusha, Isekai Kizoku ni Tensei suru"," SILVER LINK., Studio Palette", 2021,0.0
334,Selection Project, Doga Kobo, 2021,0.0
335,Senpai ga Uzai Kouhai no Hanashi, Doga Kobo, 2021,0.0
336,"Sentouin, Hakenshimasu!", J.C.Staff, 2021,0.0
337,Senyoku no Sigrdrifa, A-1 Pictures, 2020,6.23
338,Seven Knights Revolution: Eiyuu no Keishousha," domerica, LIDENFILMS", 2021,0.0
339,Shadows House, CloverWorks, 2021,0.0
340,Shadows House 2nd Season, CloverWorks, 2022,0.0
341,Shadowverse (TV), Zexcs, 2020,5.14
342,Shadowverse Flame, Zexcs, 2022,0.0
343,Shakunetsu Kabaddi, TMS Entertainment, 2021,0.0
344,Shaman King (2021), Bridge, 2021,0.0
345,Shenmue the Animation, Telecom Animation Film, 2022,6.91
346,"Shijou Saikyou no Daimaou, Murabito A ni Tensei suru"," Blade, SILVER LINK.", 2022,0.0
347,Shikizakura, Sublimation, 2021,0.0
348,Shikkakumon no Saikyou Kenja, J.C.Staff, 2022,0.0
349,Shin Chuuka Ichiban! 2nd Season," Nihon Ad Systems, Production I.G", 2021,0.0
350,"Shin no Nakama ja Nai to Yuusha no Party wo Oidasareta node, Henkyou de Slow Life suru Koto ni Shimashita"," Studio Flad, Wolfsbane", 2021,0.0
351,Shin Shinka no Mi: Shiranai Uchi ni Kachigumi Jinsei, Hotline, 2023,0.0
352,Shin Tennis no Ouji-sama: U-17 World Cup," M.S.C, Studio Kai", 2022,0.0
353,Shingeki no Kyojin: The Final Season, MAPPA, 2020,9.06
354,Shingeki no Kyojin: The Final Season Part 2, MAPPA, 2022,0.0
355,Shingeki no Kyojin: The Final Season Part 2, MAPPA, 2022,0.0
356,Shinigami Bocchan to Kuro Maid, J.C.Staff, 2021,7.24
357,Shinka no Mi: Shiranai Uchi ni Kachigumi Jinsei," Children's Playground Entertainment, feel.", 2021,0.0
358,Shinkansen Henkei Robo Shinkalion Z the Animation, OLM, 2021,0.0
359,Shinmai Renkinjutsushi no Tenpo Keiei, ENGI, 2022,6.8
360,Shinobi no Ittoki, TROYCA, 2022,0.0
361,Shiroi Suna no Aquatope, P.A. Works, 2021,0.0
362,Shokei Shoujo no Virgin Road, J.C.Staff, 2022,0.0
363,Shoot! Goal to the Future, EMT Squared, 2022,0.0
364,Show by Rock!! Stars!!, Kinema Citrus, 2021,0.0
365,Shuumatsu no Harem," AXsiZ, Studio Gokumi", 2021,0.0
366,SK∞, Bones, 2021,7.42
367,Skate-Leading☆Stars, J.C.Staff, 2020,6.71
368,"Slime Taoshite 300-nen, Shiranai Uchi ni Level Max ni Nattemashita", Revoroot, 2021,0.0
369,Slow Loop, Connect, 2022,0.0
370,Sonny Boy, Madhouse, 2021,7.67
371,Sono Bisque Doll wa Koi wo Suru, CloverWorks, 2022,0.0
372,Sorairo Utility, Yostar Pictures, 2021,0.0
373,Soredemo Ayumu wa Yosetekuru, SILVER LINK., 2022,6.68
374,Soukou Musume Senki, Studio A-CAT, 2021,0.0
375,Spy Kyoushitsu, feel., 2023,0.0
376,Spy x Family," CloverWorks, Wit Studio", 2022,0.0
377,Spy x Family Part 2," CloverWorks, Wit Studio", 2022,0.0
378,SSSS.Dynazenon, Trigger, 2021,0.0
379,Strike the Blood Final, Connect, 2022,7.24
380,Strike Witches: Road to Berlin, David Production, 2020,7.02
381,Sugar Apple Fairy Tale, J.C.Staff, 2023,0.0
383,Summertime Render, OLM, 2022,0.0
384,Super Cub, Studio Kai, 2021,0.0
385,Taisou Zamurai, MAPPA, 2020,6.7
386,Takt Op. Destiny," Madhouse, MAPPA", 2021,0.0
387,Takt Op. Destiny," Madhouse, MAPPA", 2021,0.0
388,"Tantei wa Mou, Shindeiru.", ENGI, 2021,7.8
389,Tate no Yuusha no Nariagari Season 2," DR Movie, Kinema Citrus", 2022,0.0
390,Tatoeba Last Dungeon Mae no Mura no Shounen ga Joban no Machi de Kurasu Youna Monogatari, LIDENFILMS, 2021,7.3
391,Technoroid: Overmind, Doga Kobo, 2023,0.0
392,Tenchi Souzou Design-bu, Asahi Production, 2021,0.0
393,Tensai Ouji no Akaji Kokka Saisei Jutsu, Yokohama Animation Lab, 2022,7.38
394,"Tensei Kenja no Isekai Life: Dai-2 no Shokugyou wo Ete, Sekai Saikyou ni Narimashita", Revoroot, 2022,6.8
395,Tensei Oujo to Tensai Reijou no Mahou Kakumei, Diomedéa, 2022,7.74
396,Tensei shitara Ken Deshita, C2C, 2022,0.0
397,Tensei shitara Slime Datta Ken 2nd Season Part 2, 8bit, 2021,0.0
398,Tensura Nikki: Tensei shitara Slime Datta Ken, 8bit, 2021,7.66
399,Teppen!!!!!!!!!!!!!!!, Drive, 2022,0.0
400,TESLA NOTE, Gambit, 2021,0.0
401,The Legend of Heroes: Sen no Kiseki – Northern War, Tatsunoko Production, 2023,0.0
402,Tokyo 24-ku, CloverWorks, 2022,7.05
403,Tokyo Mew Mew New ♡," Graphinica, Yumeta Company", 2022,0.0
404,Tokyo Revengers, LIDENFILMS, 2021,0.0
405,Tokyo Revengers: Seiya Kessen-hen, LIDENFILMS, 2023,0.0
406,Tomo-chan wa Onnanoko!, Lay-duce, 2023,0.0
407,Tondemo Skill de Isekai Hourou Meshi, MAPPA, 2023,0.0
409,Toutotsu ni Egypt Shin 2nd Season, Typhoon Graphics, 2023,0.0
410,Tribe Nine, LIDENFILMS, 2022,0.0
411,Trigun Stampede, Orange, 2023,0.0
412,Tsuki ga Michibiku Isekai Douchuu, C2C, 2021,0.0
413,Tsuki to Laika to Nosferatu, Arvo Animation, 2021,0.0
414,Tsukiuta. The Animation 2, Children's Playground Entertainment, 2020,6.2
415,Tsundere Akuyaku Reijou Liselotte to Jikkyou no Endou-kun to Kaisetsu no Kobayashi-san, Tezuka Productions, 2023,0.0
416,Tsurune: Tsunagari no Issha, Kyoto Animation, 2023,0.0
417,Uchi no Shishou wa Shippo ga Nai, LIDENFILMS, 2022,0.0
418,Uma Musume: Pretty Derby (TV) Season 2, Studio Kai, 2021,7.25
419,UniteUp!, CloverWorks, 2023,0.0
420,Uramichi Oniisan, Studio Blanc, 2021,0.0
421,Urasekai Picnic," Felix Film, LIDENFILMS", 2021,6.8
422,Urusei Yatsura (2022), David Production, 2022,0.0
423,Utawarerumono: Futari no Hakuoro, White Fox, 2022,0.0
424,Uzaki-chan wa Asobitai! Double, ENGI, 2022,0.0
425,Vanitas no Carte, Bones, 2021,0.0
426,Vanitas no Carte Part 2, Bones, 2022,8.2
427,2022,2022,2022,2022
428,Vazzrock The Animation, PRA, 2022,5.38
429,Vinland Saga Season 2, MAPPA, 2023,0.0
430,Visual Prison, A-1 Pictures, 2021,0.0
431,Vivy: Fluorite Eye’s Song, Wit Studio, 2021,7.51
432,Warau Arsnotoria Sun!, LIDENFILMS, 2022,0.0
433,Watashi ni Tenshi ga Maiorita! Precious Friends, Doga Kobo, 2022,0.0
434,Wave!!: Surfing Yappe!!, Asahi Production, 2020,0.0
435,WIXOSS Diva(A)Live, J.C.Staff, 2021,0.0
436,Wonder Egg Priority, CloverWorks, 2021,0.0
437,World Trigger 2nd Season, Toei Animation, 2021,0.0
438,World Trigger 3rd Season, Toei Animation, 2021,0.0
439,World Witches Hasshin Shimasu!," Acca effe, Giga Production", 2021,0.0
440,Xian Wang de Richang Shenghuo 2nd Season, Haoliners Animation League, 2021,0.0
441,Yakunara Mug Cup mo, Nippon Animation, 2021,0.0
442,Yakusoku no Neverland 2nd Season, CloverWorks, 2021,0.0
443,Yama no Susume: Next Summit, 8bit, 2022,0.0
444,Yatogame-chan Kansatsu Nikki Nisatsume," Creators in Pack, Saetta", 2020,6.3
445,Yofukashi no Uta, LIDENFILMS, 2022,8.05
446,Youkoso Jitsuryoku Shijou Shugi no Kyoushitsu e (TV) 2nd Season, Lerche, 2022,8.45
447,Yowamushi Pedal: Limit Break, TMS Entertainment, 2022,0.0
448,Yu☆Gi☆Oh!: Go Rush!!, Bridge, 2022,0.0
449,Yu☆Gi☆Oh!: Sevens, Bridge, 2020,5.46
450,Yuru Camp△ Season 2, C-Station, 2021,0.0
451,Yuuki Yuuna wa Yuusha de Aru: Dai Mankai no Shou, Studio Gokumi, 2021,0.0
452,Yuukoku no Moriarty, Production I.G, 2020,7.79
453,Yuukoku no Moriarty 2nd Season, Production I.G, 2021,0.0
454,"Yuusha Party wo Tsuihou sareta Beast Tamer, Saikyoushu no Nekomimi Shoujo to Deau", EMT Squared, 2022,0.0
455,"Yuusha, Yamemasu", EMT Squared, 2022,7.16
456,Zombieland Saga: Revenge, MAPPA, 2021,0.0
457,One Piece, Toei Animation, 1999,8.49
458,One Piece, Toei Animation, 1999,8.49
459,Boruto: Naruto Next Generations, Studio Pierrot, 2017,5.93
460,Boruto: Naruto Next Generations, Studio Pierrot, 2017,5.93
461,Jujutsu Kaisen (TV), MAPPA, 2020,8.28
462,Jujutsu Kaisen (TV), MAPPA, 2020,8.28
463,Black Clover, Studio Pierrot, 2017,7.29
464,Black Clover, Studio Pierrot, 2017,7.29
465,Boku no Hero Academia 5th Season, Bones, 2021,0.0
466,Boku no Hero Academia 5th Season, Bones, 2021,0.0
